customer_id,recency,frequency,total_spend,avg_order_value,discount_ratio,top_category,total_views,cart_add_ratio,conversion_rate
0,15,21,167235.00,7963.571429,0.7143,Wellness,21,0.1905,1
1,45,19,236304.00,12437.052632,0.4737,Beauty,29,0.2759,0.655172
2,5,17,220789.00,12987.588235,0.3529,Wellness,41,0.2683,0.414634
3,11,22,109371.00,4971.409091,0.5,Groceries,21,0.4762,1.04762
4,2,17,168385.00,9905.000000,0.5882,Beauty,28,0.3571,0.607143
5,63,17,103624.00,6095.529412,0.5294,Apparel,24,0.25,0.708333
6,42,18,242780.00,13487.777778,0.3889,Groceries,34,0.2941,0.529412
7,5,21,192755.00,9178.809524,0.381,Apparel,21,0.381,1
8,39,15,342820.00,22854.666667,0.8667,Electronics,38,0.2895,0.394737
9,6,26,196442.00,7555.461538,0.3462,Wellness,33,0.1818,0.787879
10,6,26,156330.00,6012.692308,0.6923,Wellness,32,0.2813,0.8125
11,53,15,135907.00,9060.466667,0.6,Apparel,26,0.3846,0.576923
12,59,11,92408.00,8400.727273,0.7273,Beauty,23,0.2174,0.478261
13,3,14,217604.00,15543.142857,0.6429,Groceries,23,0.3913,0.608696
14,54,21,248153.00,11816.809524,0.5238,Wellness,28,0.2857,0.75
15,19,21,333268.00,15869.904762,0.7143,Beauty,35,0.2286,0.6
16,5,13,184409.00,14185.307692,0.3846,Wellness,28,0.4643,0.464286
17,15,19,288332.00,15175.368421,0.6316,Wellness,28,0.2857,0.678571
18,21,19,180178.00,9483.052632,0.3158,Groceries,42,0.4762,0.452381
19,13,13,103997.00,7999.769231,0.4615,Beauty,35,0.3714,0.371429
20,6,24,254143.00,10589.291667,0.1667,Wellness,28,0.3214,0.857143
21,4,15,256033.00,17068.866667,0.6667,Electronics,34,0.3235,0.441176
22,4,19,339428.00,17864.631579,0.4737,Beauty,27,0.4074,0.703704
23,19,17,80752.00,4750.117647,0.6471,Apparel,30,0.3,0.566667
24,9,16,87534.00,5470.875000,0.375,Apparel,23,0.3043,0.695652
25,23,19,183004.00,9631.789474,0.5789,Wellness,25,0.24,0.76
26,5,28,301011.00,10750.392857,0.6071,Beauty,32,0.3438,0.875
27,10,20,253436.00,12671.800000,0.55,Groceries,28,0.3571,0.714286
28,17,26,198482.00,7633.923077,0.7692,Apparel,29,0.3793,0.896552
29,37,28,202493.00,7231.892857,0.2857,Groceries,30,0.2667,0.933333
30,34,15,37985.00,2532.333333,0.4667,Apparel,32,0.4063,0.46875
31,19,16,32206.00,2012.875000,0.6875,Groceries,32,0.375,0.5
32,26,23,108929.00,4736.043478,0.4783,Wellness,33,0.303,0.69697
33,4,19,57958.00,3050.421053,0.6316,Wellness,23,0.2174,0.826087
34,22,19,88877.00,4677.736842,0.5263,Groceries,32,0.1875,0.59375
35,34,25,308406.00,12336.240000,0.6,Apparel,27,0.1852,0.925926
36,18,23,95773.00,4164.043478,0.7391,Wellness,27,0.2222,0.851852
37,3,20,230447.00,11522.350000,0.5,Wellness,34,0.2647,0.588235
38,13,15,193683.00,12912.200000,0.4667,Wellness,24,0.1667,0.625
39,15,19,193373.00,10177.526316,0.3684,Apparel,26,0.3077,0.730769
40,14,26,221533.00,8520.500000,0.3462,Beauty,29,0.1724,0.896552
41,2,27,59950.00,2220.370370,0.7778,Wellness,39,0.3077,0.692308
42,24,10,55773.00,5577.300000,0.1,Beauty,29,0.3448,0.344828
43,18,21,228790.00,10894.761905,0.6667,Beauty,29,0.3103,0.724138
44,9,22,159249.00,7238.590909,0.6364,Apparel,36,0.1667,0.611111
45,4,16,397303.00,24831.437500,0.25,Beauty,26,0.1923,0.615385
46,66,12,120396.00,10033.000000,0.1667,Apparel,30,0.4,0.4
47,6,21,216726.00,10320.285714,0.5714,Beauty,32,0.1563,0.65625
48,8,22,183516.00,8341.636364,0.3182,Groceries,30,0.2667,0.733333
49,44,21,44650.00,2126.190476,0.5714,Apparel,29,0.4138,0.724138
50,10,18,237333.00,13185.166667,0.3889,Beauty,38,0.3158,0.473684
51,4,29,63672.00,2195.586207,0.6897,Wellness,35,0.3143,0.828571
52,13,21,203762.00,9702.952381,0.5238,Wellness,33,0.303,0.636364
53,27,9,79226.00,8802.888889,0.6667,Beauty,25,0.24,0.36
54,38,23,138627.00,6027.260870,0.6522,Groceries,27,0.2963,0.851852
55,11,28,374095.00,13360.535714,0.6429,Beauty,28,0.2857,1
56,4,32,386594.00,12081.062500,0.5625,Beauty,35,0.3429,0.914286
57,5,22,222700.00,10122.727273,0.5909,Beauty,24,0.3333,0.916667
58,3,22,124323.00,5651.045455,0.4545,Groceries,36,0.1944,0.611111
59,4,24,194744.00,8114.333333,0.4583,Wellness,30,0.2333,0.8
60,18,24,283075.00,11794.791667,0.1667,Beauty,31,0.3548,0.774194
61,6,21,158056.00,7526.476190,0.619,Beauty,32,0.3125,0.65625
62,12,21,224448.00,10688.000000,0.6667,Apparel,24,0.2083,0.875
63,19,21,179036.00,8525.523810,0.3333,Groceries,27,0.2963,0.777778
64,16,23,294615.00,12809.347826,0.5652,Groceries,36,0.25,0.638889
65,45,17,146912.00,8641.882353,0.6471,Apparel,35,0.3714,0.485714
66,18,24,341512.00,14229.666667,0.4167,Electronics,19,0.3158,1.26316
67,3,24,376220.00,15675.833333,0.5417,Electronics,28,0.3214,0.857143
68,37,18,78877.00,4382.055556,0.7222,Beauty,28,0.3214,0.642857
69,32,18,188566.00,10475.888889,0.7222,Wellness,35,0.3429,0.514286
70,15,20,120493.00,6024.650000,0.45,Wellness,26,0.2692,0.769231
71,3,20,117563.00,5878.150000,0.65,Wellness,29,0.3448,0.689655
72,21,16,79775.00,4985.937500,0.5,Apparel,29,0.3103,0.551724
73,19,14,279533.00,19966.642857,0.2143,Beauty,21,0.3333,0.666667
74,30,25,247847.00,9913.880000,0.64,Beauty,25,0.48,1
75,9,18,291563.00,16197.944444,0.6667,Beauty,19,0.3684,0.947368
76,4,18,244033.00,13557.388889,0.7222,Beauty,28,0.25,0.642857
77,35,14,49165.00,3511.785714,0.6429,Apparel,37,0.2162,0.378378
78,8,24,211559.00,8814.958333,0.5833,Wellness,31,0.3226,0.774194
79,28,20,242694.00,12134.700000,0.1,Wellness,33,0.3333,0.606061
80,7,13,105593.00,8122.538462,0.0769,Beauty,33,0.2121,0.393939
81,10,18,304932.00,16940.666667,0.2778,Electronics,30,0.3333,0.6
82,4,15,16030.00,1068.666667,0.6,Wellness,30,0.2333,0.5
83,7,28,333182.00,11899.357143,0.5,Beauty,35,0.4571,0.8
84,11,13,50569.00,3889.923077,0.3846,Groceries,30,0.3667,0.433333
85,36,19,221072.00,11635.368421,0.3158,Electronics,37,0.2973,0.513514
86,36,19,154206.00,8116.105263,0.2632,Groceries,22,0.2727,0.863636
87,3,26,229062.00,8810.076923,0.6154,Groceries,29,0.3448,0.896552
88,19,18,213947.00,11885.944444,0.5,Beauty,30,0.2333,0.6
89,27,18,127678.00,7093.222222,0.4444,Beauty,41,0.2683,0.439024
90,48,14,165879.00,11848.500000,0.5,Wellness,31,0.1935,0.451613
91,79,19,349070.00,18372.105263,0.6316,Beauty,22,0.3636,0.863636
92,26,26,370331.00,14243.500000,0.6154,Beauty,36,0.3333,0.722222
93,36,15,325449.00,21696.600000,0.5333,Beauty,26,0.3846,0.576923
94,9,19,166126.00,8743.473684,0.6316,Beauty,26,0.3462,0.730769
95,7,14,41815.00,2986.785714,0.7857,Apparel,25,0.36,0.56
96,3,21,264395.00,12590.238095,0.6667,Electronics,36,0.2222,0.583333
97,12,17,222767.00,13103.941176,0.3529,Apparel,29,0.1724,0.586207
98,35,16,17819.00,1113.687500,0.5,Wellness,33,0.303,0.484848
99,15,16,192827.00,12051.687500,0.375,Beauty,17,0.3529,0.941176
100,22,25,193342.00,7733.680000,0.36,Wellness,22,0.4091,1.13636
101,18,16,118611.00,7413.187500,0.5,Groceries,30,0.3333,0.533333
102,7,30,97780.00,3259.333333,0.4667,Beauty,37,0.3243,0.810811
103,4,27,200537.00,7427.296296,0.2963,Wellness,32,0.2188,0.84375
104,8,23,301864.00,13124.521739,0.8696,Beauty,30,0.2667,0.766667
105,11,17,114179.00,6716.411765,0.6471,Apparel,29,0.3103,0.586207
106,5,22,233467.00,10612.136364,0.4545,Groceries,39,0.2308,0.564103
107,25,18,124809.00,6933.833333,0.2222,Apparel,30,0.3,0.6
108,4,32,418466.00,13077.062500,0.6875,Beauty,27,0.3333,1.18519
109,5,15,32551.00,2170.066667,0.4,Beauty,33,0.2424,0.454545
110,35,10,81935.00,8193.500000,0.1,Beauty,32,0.2188,0.3125
111,9,19,231952.00,12208.000000,0.2632,Groceries,32,0.3438,0.59375
112,13,30,273286.00,9109.533333,0.2333,Apparel,38,0.2368,0.789474
113,3,18,307136.00,17063.111111,0.6667,Groceries,29,0.2759,0.62069
114,3,20,184672.00,9233.600000,0.35,Beauty,34,0.2647,0.588235
115,3,22,328502.00,14931.909091,0.4545,Beauty,30,0.3,0.733333
116,54,22,202288.00,9194.909091,0.6818,Groceries,21,0.2857,1.04762
117,31,23,407131.00,17701.347826,0.4348,Beauty,29,0.3103,0.793103
118,58,10,122209.00,12220.900000,0.7,Wellness,25,0.24,0.4
119,21,12,129003.00,10750.250000,0.25,Apparel,29,0.1724,0.413793
120,13,24,232291.00,9678.791667,0.3333,Apparel,36,0.1667,0.666667
121,26,20,181697.00,9084.850000,0.6,Apparel,22,0.4545,0.909091
122,3,20,280046.00,14002.300000,0.5,Electronics,28,0.2857,0.714286
123,16,21,114291.00,5442.428571,0.381,Apparel,26,0.2692,0.807692
124,8,15,110327.00,7355.133333,0.4,Apparel,23,0.3913,0.652174
125,26,19,94699.00,4984.157895,0.5789,Groceries,33,0.2424,0.575758
126,11,24,120090.00,5003.750000,0.75,Wellness,29,0.3103,0.827586
127,12,19,435574.00,22924.947368,0.5263,Beauty,42,0.2619,0.452381
128,30,30,271344.00,9044.800000,0.8,Apparel,29,0.4483,1.03448
129,62,18,237292.00,13182.888889,0.5556,Electronics,24,0.2083,0.75
130,8,23,272255.00,11837.173913,0.7391,Wellness,29,0.1724,0.793103
131,8,17,69455.00,4085.588235,0.3529,Wellness,34,0.2941,0.5
132,17,26,119777.00,4606.807692,0.4231,Wellness,28,0.25,0.928571
133,8,22,227296.00,10331.636364,0.6364,Beauty,29,0.3448,0.758621
134,27,22,274505.00,12477.500000,0.5,Wellness,37,0.2703,0.594595
135,33,27,433411.00,16052.259259,0.2222,Groceries,35,0.3714,0.771429
136,12,28,283115.00,10111.250000,0.1786,Beauty,26,0.4231,1.07692
137,63,17,220021.00,12942.411765,0.4118,Wellness,31,0.2581,0.548387
138,3,13,181811.00,13985.461538,0,Apparel,25,0.36,0.52
139,20,14,333855.00,23846.785714,0.3571,Beauty,34,0.2353,0.411765
140,19,24,200232.00,8343.000000,0.375,Wellness,28,0.25,0.857143
141,35,14,210239.00,15017.071429,0.7143,Apparel,29,0.3103,0.482759
142,13,20,201088.00,10054.400000,0.55,Wellness,33,0.2727,0.606061
143,17,20,93972.00,4698.600000,0.3,Groceries,27,0.1852,0.740741
144,17,20,412745.00,20637.250000,0.4,Electronics,20,0.35,1
145,7,22,274970.00,12498.636364,0.2727,Wellness,27,0.4444,0.814815
146,5,27,218578.00,8095.481481,0.1111,Beauty,35,0.2857,0.771429
147,19,15,125516.00,8367.733333,0.8667,Wellness,27,0.4444,0.555556
148,3,26,379318.00,14589.153846,0.2308,Beauty,26,0.2308,1
149,46,17,65706.00,3865.058824,0.2941,Wellness,15,0.2667,1.13333
150,4,19,126728.00,6669.894737,0.2632,Groceries,29,0.3103,0.655172
151,4,29,200295.00,6906.724138,0.4483,Wellness,28,0.3571,1.03571
152,27,14,84485.00,6034.642857,0.0714,Groceries,32,0.4063,0.4375
153,6,25,276472.00,11058.880000,0.4,Beauty,24,0.2917,1.04167
154,102,14,144514.00,10322.428571,0.1429,Electronics,25,0.28,0.56
155,30,20,168895.00,8444.750000,0.4,Wellness,25,0.36,0.8
156,32,26,118057.00,4540.653846,0.1154,Apparel,23,0.3913,1.13043
157,64,20,140128.00,7006.400000,0.5,Wellness,33,0.5455,0.606061
158,16,22,92347.00,4197.590909,0.7273,Beauty,38,0.4211,0.578947
159,12,21,530224.00,25248.761905,0.3333,Electronics,26,0.3462,0.807692
160,34,20,201101.00,10055.050000,0.35,Beauty,27,0.2963,0.740741
161,16,19,212315.00,11174.473684,0.8947,Groceries,25,0.32,0.76
162,54,17,57965.00,3409.705882,0.6471,Wellness,26,0.3846,0.653846
163,7,18,204627.00,11368.166667,0.7222,Beauty,35,0.2,0.514286
164,8,30,295103.00,9836.766667,0.2667,Beauty,28,0.3571,1.07143
165,46,16,224618.00,14038.625000,0.75,Beauty,33,0.2121,0.484848
166,10,23,417616.00,18157.217391,0.4783,Electronics,38,0.2632,0.605263
167,8,25,348923.00,13956.920000,0.48,Beauty,31,0.3226,0.806452
168,26,15,303624.00,20241.600000,0.5333,Beauty,36,0.3056,0.416667
169,5,24,284987.00,11874.458333,0.7917,Beauty,31,0.2581,0.774194
170,16,25,322238.00,12889.520000,0.76,Beauty,31,0.2258,0.806452
171,13,21,105924.00,5044.000000,0.4286,Wellness,25,0.48,0.84
172,22,16,335904.00,20994.000000,0.5,Electronics,34,0.2941,0.470588
173,18,24,205849.00,8577.041667,0.2917,Wellness,30,0.2,0.8
174,23,11,45220.00,4110.909091,0.4545,Beauty,38,0.1579,0.289474
175,25,16,141747.00,8859.187500,0.1875,Beauty,29,0.2414,0.551724
176,14,22,305472.00,13885.090909,0.5909,Groceries,25,0.2,0.88
177,17,17,203736.00,11984.470588,0.5882,Groceries,22,0.5455,0.772727
178,44,17,315419.00,18554.058824,0.5882,Beauty,33,0.3333,0.515152
179,4,22,293531.00,13342.318182,0.5,Wellness,27,0.2593,0.814815
180,11,22,295258.00,13420.818182,0.4545,Apparel,25,0.24,0.88
181,8,17,115114.00,6771.411765,0.4118,Beauty,33,0.2727,0.515152
182,22,25,253009.00,10120.360000,0.84,Apparel,30,0.2,0.833333
183,79,11,114970.00,10451.818182,0.9091,Beauty,31,0.3548,0.354839
184,3,21,329745.00,15702.142857,0.6667,Electronics,27,0.3704,0.777778
185,6,17,48536.00,2855.058824,0.4118,Wellness,39,0.3077,0.435897
186,22,10,54965.00,5496.500000,0.8,Groceries,34,0.2353,0.294118
187,31,12,181618.00,15134.833333,0.5833,Wellness,30,0.4,0.4
188,38,21,185240.00,8820.952381,0.6667,Wellness,35,0.4571,0.6
189,26,23,159268.00,6924.695652,0.2174,Beauty,35,0.4286,0.657143
190,13,24,279318.00,11638.250000,0.5,Electronics,29,0.3103,0.827586
191,8,20,88280.00,4414.000000,0.2,Wellness,18,0.2222,1.11111
192,15,25,163177.00,6527.080000,0.48,Wellness,28,0.3214,0.892857
193,26,27,262968.00,9739.555556,0.2963,Beauty,35,0.2,0.771429
194,4,21,89194.00,4247.333333,0.2857,Groceries,28,0.3571,0.75
195,55,16,113855.00,7115.937500,0.6875,Groceries,33,0.303,0.484848
196,4,23,275295.00,11969.347826,0.4783,Wellness,28,0.3571,0.821429
197,7,25,362333.00,14493.320000,0.8,Apparel,31,0.3226,0.806452
198,19,14,131473.00,9390.928571,0.6429,Groceries,33,0.2424,0.424242
199,12,16,106991.00,6686.937500,0.3125,Wellness,27,0.2963,0.592593
200,22,17,118483.00,6969.588235,0.6471,Beauty,23,0.3043,0.73913
201,6,17,268839.00,15814.058824,0.4706,Electronics,35,0.6286,0.485714
202,12,22,145365.00,6607.500000,0.4545,Apparel,34,0.2059,0.647059
203,5,24,381024.00,15876.000000,0.2083,Electronics,32,0.2813,0.75
204,5,17,183354.00,10785.529412,0.4706,Beauty,32,0.4063,0.53125
205,8,23,206545.00,8980.217391,0.8696,Wellness,27,0.3704,0.851852
206,5,21,177695.00,8461.666667,0.5238,Wellness,29,0.2759,0.724138
207,5,16,75011.00,4688.187500,0.875,Apparel,31,0.2903,0.516129
208,27,13,318301.00,24484.692308,0.6154,Electronics,38,0.3158,0.342105
209,25,28,286594.00,10235.500000,0.75,Wellness,39,0.2051,0.717949
210,9,22,190140.00,8642.727273,0.6818,Groceries,27,0.4074,0.814815
211,49,22,220907.00,10041.227273,0.4545,Wellness,30,0.2,0.733333
212,6,20,300548.00,15027.400000,0.7,Wellness,37,0.4054,0.540541
213,37,18,266115.00,14784.166667,0.4444,Wellness,30,0.4333,0.6
214,12,13,139752.00,10750.153846,0.5385,Beauty,28,0.5,0.464286
215,6,20,123521.00,6176.050000,0.4,Beauty,36,0.2222,0.555556
216,12,21,132652.00,6316.761905,0.7619,Beauty,30,0.1333,0.7
217,3,16,213080.00,13317.500000,0.5625,Groceries,31,0.2581,0.516129
218,16,17,192053.00,11297.235294,0.4118,Groceries,35,0.2857,0.485714
219,4,23,118955.00,5171.956522,0.4348,Apparel,30,0.2333,0.766667
220,33,24,345792.00,14408.000000,0.5,Wellness,32,0.25,0.75
221,22,25,242323.00,9692.920000,0.8,Wellness,29,0.3103,0.862069
222,4,16,190519.00,11907.437500,0.8125,Electronics,26,0.3846,0.615385
223,15,16,224276.00,14017.250000,0.25,Wellness,29,0.3793,0.551724
224,25,21,140800.00,6704.761905,0.381,Groceries,29,0.3793,0.724138
225,20,20,261921.00,13096.050000,0.55,Beauty,35,0.2,0.571429
226,10,17,242374.00,14257.294118,0.7647,Apparel,32,0.375,0.53125
227,14,22,374122.00,17005.545455,0.6364,Beauty,32,0.2813,0.6875
228,8,25,237287.00,9491.480000,0.24,Beauty,36,0.2778,0.694444
229,26,20,158709.00,7935.450000,0.25,Groceries,34,0.3529,0.588235
230,5,19,122125.00,6427.631579,0.5789,Wellness,33,0.1515,0.575758
231,7,21,310573.00,14789.190476,0.2857,Electronics,35,0.3429,0.6
232,26,17,101052.00,5944.235294,0.4706,Wellness,40,0.35,0.425
233,3,21,237822.00,11324.857143,0.619,Electronics,32,0.4375,0.65625
234,64,15,16611.00,1107.400000,0.5333,Wellness,22,0.3182,0.681818
235,8,17,182372.00,10727.764706,0.7647,Wellness,33,0.2121,0.515152
236,39,14,162363.00,11597.357143,0.9286,Groceries,26,0.3846,0.538462
237,59,16,155076.00,9692.250000,0.1875,Beauty,42,0.2619,0.380952
238,11,20,224198.00,11209.900000,0.5,Apparel,35,0.2571,0.571429
239,21,31,170808.00,5509.935484,0.3226,Wellness,39,0.3333,0.794872
240,16,23,130178.00,5659.913043,0.5217,Wellness,28,0.5,0.821429
241,16,21,176831.00,8420.523810,0.5238,Apparel,23,0.3043,0.913043
242,11,25,179804.00,7192.160000,0.6,Groceries,33,0.2727,0.757576
243,20,20,356714.00,17835.700000,0.55,Electronics,35,0.3143,0.571429
244,25,16,91338.00,5708.625000,0.5625,Apparel,29,0.2759,0.551724
245,12,16,220620.00,13788.750000,0.625,Apparel,36,0.1944,0.444444
246,33,15,164716.00,10981.066667,0.2,Beauty,22,0.2273,0.681818
247,6,23,280536.00,12197.217391,0.2609,Electronics,23,0.3043,1
248,13,21,178786.00,8513.619048,0.381,Wellness,29,0.2414,0.724138
249,8,23,73516.00,3196.347826,0.3043,Groceries,38,0.1842,0.605263
250,51,16,127799.00,7987.437500,0.5625,Beauty,31,0.2581,0.516129
251,21,21,196783.00,9370.619048,0.3333,Beauty,33,0.4545,0.636364
252,16,27,390511.00,14463.370370,0.2593,Electronics,32,0.3125,0.84375
253,10,19,165895.00,8731.315789,0.4737,Wellness,35,0.3143,0.542857
254,15,21,112146.00,5340.285714,0.4286,Wellness,33,0.3939,0.636364
255,59,21,330827.00,15753.666667,0.6667,Electronics,31,0.2903,0.677419
256,3,21,239784.00,11418.285714,0.5714,Beauty,29,0.2069,0.724138
257,13,20,215345.00,10767.250000,0.45,Wellness,24,0.25,0.833333
258,6,20,386423.00,19321.150000,0.25,Groceries,32,0.3438,0.625
259,3,19,315382.00,16599.052632,0.6842,Beauty,27,0.3704,0.703704
260,4,13,118119.00,9086.076923,0.4615,Groceries,27,0.4815,0.481481
261,12,12,116972.00,9747.666667,0.4167,Groceries,37,0.2703,0.324324
262,5,23,301313.00,13100.565217,0.3913,Wellness,28,0.4286,0.821429
263,68,14,99920.00,7137.142857,0.3571,Apparel,30,0.5,0.466667
264,31,17,186008.00,10941.647059,0.1176,Electronics,32,0.375,0.53125
265,7,17,267922.00,15760.117647,0.3529,Beauty,30,0.2667,0.566667
266,13,21,345641.00,16459.095238,0.5714,Electronics,32,0.4063,0.65625
267,7,23,276218.00,12009.478261,0.4783,Beauty,27,0.1852,0.851852
268,19,14,201557.00,14396.928571,0.8571,Wellness,32,0.3125,0.4375
269,5,24,388349.00,16181.208333,0.3333,Electronics,27,0.3333,0.888889
270,8,18,197466.00,10970.333333,0.5556,Beauty,27,0.2593,0.666667
271,52,15,217709.00,14513.933333,0.2,Apparel,18,0.3333,0.833333
272,23,19,323803.00,17042.263158,0.5789,Beauty,28,0.2857,0.678571
273,6,20,184172.00,9208.600000,0.4,Groceries,26,0.4615,0.769231
274,5,18,299049.00,16613.833333,0.6111,Apparel,25,0.28,0.72
275,10,17,211265.00,12427.352941,0.3529,Beauty,29,0.4138,0.586207
276,4,20,266727.00,13336.350000,0.8,Electronics,22,0.2727,0.909091
277,7,22,230220.00,10464.545455,0.1818,Beauty,20,0.4,1.1
278,22,24,90258.00,3760.750000,0.7917,Apparel,37,0.3514,0.648649
279,4,23,471228.00,20488.173913,0.5652,Electronics,35,0.2571,0.657143
280,23,24,223197.00,9299.875000,0.625,Beauty,25,0.24,0.96
281,3,24,323370.00,13473.750000,0.2083,Beauty,30,0.2333,0.8
282,4,17,356232.00,20954.823529,0.1765,Beauty,30,0.1667,0.566667
283,2,18,284847.00,15824.833333,0.5556,Beauty,25,0.2,0.72
284,8,17,130791.00,7693.588235,0.1765,Groceries,37,0.3243,0.459459
285,21,16,361220.00,22576.250000,0.5625,Electronics,26,0.3077,0.615385
286,5,20,313875.00,15693.750000,0.65,Apparel,33,0.2727,0.606061
287,4,25,309935.00,12397.400000,0.24,Beauty,26,0.2692,0.961538
288,6,19,398439.00,20970.473684,0.5263,Beauty,29,0.2759,0.655172
289,6,14,161815.00,11558.214286,0.4286,Groceries,33,0.3333,0.424242
290,10,24,155896.00,6495.666667,0.4583,Groceries,25,0.32,0.96
291,31,21,126239.00,6011.380952,0.5714,Beauty,39,0.3333,0.538462
292,13,26,359717.00,13835.269231,0.3462,Wellness,22,0.3636,1.18182
293,26,25,297885.00,11915.400000,0.2,Groceries,28,0.1071,0.892857
294,4,24,437513.00,18229.708333,0.7083,Electronics,29,0.3793,0.827586
295,9,21,123939.00,5901.857143,0.4762,Groceries,36,0.3333,0.583333
296,46,20,113722.00,5686.100000,0.4,Beauty,31,0.2581,0.645161
297,4,29,452509.00,15603.758621,0.2069,Apparel,23,0.2609,1.26087
298,48,10,56229.00,5622.900000,0.5,Wellness,27,0.3704,0.37037
299,21,15,59920.00,3994.666667,0.6667,Wellness,32,0.2813,0.46875
300,41,19,81405.00,4284.473684,0.3684,Wellness,33,0.2424,0.575758
301,12,21,306346.00,14587.904762,0.7619,Electronics,24,0.375,0.875
302,5,20,145073.00,7253.650000,0.5,Beauty,38,0.3684,0.526316
303,10,22,241181.00,10962.772727,0.2727,Beauty,40,0.225,0.55
304,77,11,110200.00,10018.181818,0.1818,Wellness,34,0.3824,0.323529
305,10,20,269412.00,13470.600000,0.7,Beauty,25,0.52,0.8
306,21,24,59102.00,2462.583333,0.4167,Apparel,37,0.2703,0.648649
307,47,15,259118.00,17274.533333,0.6,Electronics,26,0.3077,0.576923
308,19,24,377186.00,15716.083333,0.4583,Beauty,33,0.2121,0.727273
309,24,24,396930.00,16538.750000,0.5417,Electronics,34,0.3824,0.705882
310,24,19,292822.00,15411.684211,0.8421,Electronics,36,0.25,0.527778
311,5,19,289096.00,15215.578947,0.7368,Electronics,30,0.2667,0.633333
312,22,15,140350.00,9356.666667,0.5333,Groceries,30,0.2,0.5
313,5,20,236920.00,11846.000000,0.6,Beauty,26,0.2692,0.769231
314,18,21,340001.00,16190.523810,0.7143,Groceries,24,0.125,0.875
315,9,20,177485.00,8874.250000,0.9,Wellness,27,0.2593,0.740741
316,27,15,228496.00,15233.066667,0.4,Beauty,40,0.375,0.375
317,9,20,196165.00,9808.250000,0.7,Beauty,25,0.28,0.8
318,25,21,170040.00,8097.142857,0.2381,Wellness,39,0.2821,0.538462
319,18,26,195749.00,7528.807692,0.5385,Wellness,27,0.1852,0.962963
320,48,13,88201.00,6784.692308,0.4615,Apparel,20,0.2,0.65
321,13,20,298451.00,14922.550000,0.7,Electronics,20,0.15,1
322,16,16,80801.00,5050.062500,0.375,Beauty,32,0.25,0.5
323,5,17,229553.00,13503.117647,0.7647,Groceries,33,0.2727,0.515152
324,4,24,469165.00,19548.541667,0.375,Groceries,37,0.3514,0.648649
325,22,18,164175.00,9120.833333,0.1667,Apparel,31,0.2903,0.580645
326,73,17,86998.00,5117.529412,0.5294,Apparel,32,0.0938,0.53125
327,5,21,319835.00,15230.238095,0.4286,Apparel,34,0.3529,0.617647
328,35,23,187438.00,8149.478261,0.3478,Apparel,35,0.4286,0.657143
329,8,14,381158.00,27225.571429,0.5714,Electronics,34,0.5588,0.411765
330,12,20,311399.00,15569.950000,0.5,Beauty,31,0.3226,0.645161
331,8,26,324455.00,12479.038462,0.0769,Wellness,31,0.3548,0.83871
332,4,19,155049.00,8160.473684,0.4737,Beauty,44,0.3636,0.431818
333,8,17,287718.00,16924.588235,0.5294,Beauty,38,0.2632,0.447368
334,32,20,236719.00,11835.950000,0.5,Beauty,31,0.3226,0.645161
335,52,30,198101.00,6603.366667,0.4333,Wellness,25,0.36,1.2
336,29,22,314348.00,14288.545455,0.4091,Apparel,31,0.4194,0.709677
337,4,28,212582.00,7592.214286,0.4286,Groceries,31,0.2903,0.903226
338,15,28,349103.00,12467.964286,0.6429,Groceries,24,0.5,1.16667
339,11,19,147610.00,7768.947368,0.3684,Wellness,34,0.2941,0.558824
340,11,17,287447.00,16908.647059,0.7647,Electronics,22,0.4545,0.772727
341,4,24,519365.00,21640.208333,0.4167,Electronics,31,0.3226,0.774194
342,4,22,292713.00,13305.136364,0.6364,Beauty,35,0.2857,0.628571
343,18,17,213907.00,12582.764706,0.1176,Wellness,24,0.3333,0.708333
344,20,23,297961.00,12954.826087,0.3478,Wellness,32,0.3125,0.71875
345,6,21,238020.00,11334.285714,0.1905,Apparel,26,0.2692,0.807692
346,7,18,142491.00,7916.166667,0.5556,Beauty,27,0.2222,0.666667
347,4,10,92765.00,9276.500000,0.6,Wellness,31,0.3871,0.322581
348,7,15,80480.00,5365.333333,0.4667,Apparel,36,0.2778,0.416667
349,21,28,185695.00,6631.964286,0.5357,Wellness,26,0.2692,1.07692
350,5,19,195194.00,10273.368421,0.5263,Apparel,26,0.3077,0.730769
351,4,19,193566.00,10187.684211,0.2632,Beauty,38,0.3421,0.5
352,33,25,248128.00,9925.120000,0.4,Wellness,28,0.3214,0.892857
353,12,27,395885.00,14662.407407,0.5556,Wellness,34,0.4412,0.794118
354,28,26,296135.00,11389.807692,0.5,Apparel,25,0.56,1.04
355,11,20,285220.00,14261.000000,0.2,Electronics,33,0.1818,0.606061
356,32,12,247187.00,20598.916667,0.8333,Electronics,29,0.3448,0.413793
357,34,19,67660.00,3561.052632,0.5789,Groceries,30,0.3667,0.633333
358,25,19,233382.00,12283.263158,0.5789,Beauty,40,0.225,0.475
359,14,18,82133.00,4562.944444,0.3889,Wellness,37,0.2703,0.486486
360,33,18,102359.00,5686.611111,0.4444,Apparel,26,0.1923,0.692308
361,12,18,129639.00,7202.166667,0.6111,Apparel,29,0.2759,0.62069
362,19,24,458509.00,19104.541667,0.7917,Wellness,26,0.3077,0.923077
363,4,27,313521.00,11611.888889,0.7407,Apparel,26,0.2308,1.03846
364,17,17,125947.00,7408.647059,0.1765,Wellness,30,0.2,0.566667
365,44,15,140919.00,9394.600000,0.2667,Wellness,28,0.3214,0.535714
366,55,13,220741.00,16980.076923,0.4615,Beauty,33,0.2727,0.393939
367,55,15,155134.00,10342.266667,0.6667,Beauty,26,0.4615,0.576923
368,12,18,181274.00,10070.777778,0.6667,Beauty,21,0.2857,0.857143
369,3,22,222406.00,10109.363636,0.6818,Beauty,42,0.3095,0.52381
370,8,17,338641.00,19920.058824,0.4118,Electronics,32,0.4375,0.53125
371,15,26,294536.00,11328.307692,0.7692,Groceries,33,0.2727,0.787879
372,20,18,146564.00,8142.444444,0.7778,Groceries,27,0.2963,0.666667
373,11,26,267460.00,10286.923077,0.7308,Groceries,30,0.3333,0.866667
374,4,29,201678.00,6954.413793,0.8276,Apparel,31,0.1935,0.935484
375,5,23,139146.00,6049.826087,0.2609,Groceries,23,0.2609,1
376,15,25,424015.00,16960.600000,0.4,Wellness,23,0.4348,1.08696
377,8,18,191890.00,10660.555556,0.7778,Wellness,25,0.24,0.72
378,22,18,51241.00,2846.722222,0.8333,Beauty,34,0.3235,0.529412
379,29,20,138141.00,6907.050000,0.5,Groceries,31,0.3871,0.645161
380,43,12,186508.00,15542.333333,0.3333,Beauty,26,0.5,0.461538
381,31,17,135152.00,7950.117647,0.7647,Apparel,28,0.2857,0.607143
382,12,21,270939.00,12901.857143,0.619,Groceries,29,0.3103,0.724138
383,6,20,163333.00,8166.650000,0.6,Wellness,26,0.1538,0.769231
384,10,18,229890.00,12771.666667,0.7778,Beauty,38,0.1316,0.473684
385,21,12,71424.00,5952.000000,0.75,Beauty,36,0.3056,0.333333
386,25,17,296107.00,17418.058824,0.1176,Apparel,28,0.2857,0.607143
387,19,14,150347.00,10739.071429,0.5,Groceries,36,0.4722,0.388889
388,17,23,326981.00,14216.565217,0.2174,Beauty,27,0.2593,0.851852
389,6,22,252021.00,11455.500000,0.5,Wellness,35,0.3714,0.628571
390,22,19,102951.00,5418.473684,0.4211,Beauty,30,0.3333,0.633333
391,4,28,177936.00,6354.857143,0.5714,Groceries,34,0.2353,0.823529
392,24,27,277152.00,10264.888889,0.4074,Wellness,36,0.2778,0.75
393,25,14,251451.00,17960.785714,0.7143,Beauty,34,0.4412,0.411765
394,8,18,180809.00,10044.944444,0.4444,Apparel,25,0.48,0.72
395,6,21,306585.00,14599.285714,0.381,Beauty,21,0.381,1
396,6,24,367192.00,15299.666667,0.8333,Beauty,31,0.4839,0.774194
397,14,25,130495.00,5219.800000,0.52,Wellness,34,0.3529,0.735294
398,9,17,93897.00,5523.352941,0.4706,Groceries,31,0.3226,0.548387
399,10,19,288729.00,15196.263158,0.6316,Beauty,34,0.1471,0.558824
400,11,26,210078.00,8079.923077,0.6923,Wellness,26,0.1538,1
401,17,22,223710.00,10168.636364,0.7727,Apparel,27,0.2963,0.814815
402,3,17,367747.00,21632.176471,0.3529,Beauty,17,0.5882,1
403,47,14,182112.00,13008.000000,0.6429,Beauty,19,0.2632,0.736842
404,22,20,347314.00,17365.700000,0.6,Wellness,37,0.4324,0.540541
405,19,21,162682.00,7746.761905,0.8571,Apparel,31,0.3871,0.677419
406,36,27,200771.00,7435.962963,0.2222,Wellness,28,0.2857,0.964286
407,10,20,318607.00,15930.350000,0.8,Apparel,31,0.3548,0.645161
408,29,19,163961.00,8629.526316,0.4211,Beauty,35,0.3429,0.542857
409,15,23,340692.00,14812.695652,0.1304,Beauty,22,0.3182,1.04545
410,17,22,288097.00,13095.318182,0.7727,Beauty,27,0.2593,0.814815
411,4,24,205809.00,8575.375000,0.2917,Beauty,25,0.2,0.96
412,9,19,222548.00,11713.052632,0.7368,Wellness,23,0.3478,0.826087
413,5,17,54553.00,3209.000000,0.4118,Groceries,24,0.25,0.708333
414,46,21,176517.00,8405.571429,0.5714,Beauty,24,0.4167,0.875
415,10,16,105624.00,6601.500000,0.5,Groceries,28,0.2857,0.571429
416,32,15,80826.00,5388.400000,0.7333,Groceries,33,0.3333,0.454545
417,26,24,152905.00,6371.041667,0.3333,Wellness,25,0.2,0.96
418,28,22,187953.00,8543.318182,0.5,Apparel,33,0.2727,0.666667
419,59,14,71414.00,5101.000000,0.7857,Apparel,23,0.2174,0.608696
420,7,23,201323.00,8753.173913,0.2174,Wellness,37,0.2432,0.621622
421,8,17,232903.00,13700.176471,0.4706,Beauty,32,0.4375,0.53125
422,11,24,205565.00,8565.208333,0.375,Wellness,32,0.2813,0.75
423,9,22,172300.00,7831.818182,0.3636,Beauty,23,0.3043,0.956522
424,29,15,10678.00,711.866667,0.5333,Beauty,37,0.3243,0.405405
425,10,19,140435.00,7391.315789,0.6316,Apparel,26,0.2308,0.730769
426,10,23,241019.00,10479.086957,0.5217,Beauty,24,0.3333,0.958333
427,74,21,350218.00,16677.047619,0.7143,Electronics,30,0.3,0.7
428,4,29,308024.00,10621.517241,0.5172,Groceries,24,0.375,1.20833
429,41,21,210858.00,10040.857143,0.3333,Groceries,45,0.3111,0.466667
430,104,9,92413.00,10268.111111,0.2222,Groceries,23,0.3478,0.391304
431,15,20,270341.00,13517.050000,0.55,Beauty,36,0.2778,0.555556
432,7,27,290156.00,10746.518519,0.5926,Apparel,29,0.4138,0.931035
433,20,21,330430.00,15734.761905,0.7619,Wellness,29,0.3103,0.724138
434,15,19,109911.00,5784.789474,0.4211,Beauty,27,0.4815,0.703704
435,7,30,369442.00,12314.733333,0.3333,Groceries,32,0.3438,0.9375
436,33,17,270711.00,15924.176471,0.5882,Electronics,35,0.3714,0.485714
437,38,23,150097.00,6525.956522,0.5217,Apparel,30,0.3,0.766667
438,28,18,250293.00,13905.166667,0.5,Beauty,36,0.1944,0.5
439,9,18,91802.00,5100.111111,0.6111,Wellness,24,0.2917,0.75
440,4,22,316394.00,14381.545455,0.2273,Apparel,44,0.25,0.5
441,15,28,447914.00,15996.928571,0.2143,Wellness,25,0.32,1.12
442,11,20,312170.00,15608.500000,0.75,Beauty,18,0.2778,1.11111
443,64,19,103125.00,5427.631579,0.5263,Groceries,45,0.2667,0.422222
444,15,20,44609.00,2230.450000,0.4,Apparel,33,0.3333,0.606061
445,6,23,295791.00,12860.478261,0.2609,Beauty,35,0.4571,0.657143
446,31,10,99533.00,9953.300000,0.3,Wellness,24,0.25,0.416667
447,3,26,300778.00,11568.384615,0.4615,Beauty,30,0.2333,0.866667
448,30,24,324512.00,13521.333333,0.5417,Groceries,21,0.3333,1.14286
449,23,13,157297.00,12099.769231,0.7692,Beauty,28,0.2857,0.464286
450,7,16,212237.00,13264.812500,0.375,Beauty,36,0.3056,0.444444
451,5,26,371426.00,14285.615385,0.2692,Wellness,40,0.325,0.65
452,34,15,186636.00,12442.400000,0.7333,Beauty,30,0.4333,0.5
453,48,17,199655.00,11744.411765,0.4706,Beauty,36,0.3889,0.472222
454,29,21,93791.00,4466.238095,0.7619,Wellness,32,0.25,0.65625
455,52,14,143182.00,10227.285714,0.5,Groceries,27,0.3333,0.518519
456,8,12,147725.00,12310.416667,0,Beauty,35,0.2857,0.342857
457,3,27,307439.00,11386.629630,0.5556,Apparel,34,0.1471,0.794118
458,5,17,22743.00,1337.823529,0.4706,Wellness,30,0.3667,0.566667
459,10,23,278817.00,12122.478261,0.2609,Apparel,31,0.3871,0.741935
460,18,26,302682.00,11641.615385,0.5385,Beauty,24,0.125,1.08333
461,10,24,345569.00,14398.708333,0.3333,Wellness,28,0.3214,0.857143
462,17,27,419813.00,15548.629630,0.5926,Beauty,26,0.3846,1.03846
463,17,10,110959.00,11095.900000,0.3,Beauty,30,0.3333,0.333333
464,4,24,251610.00,10483.750000,0.875,Groceries,36,0.25,0.666667
465,20,17,161205.00,9482.647059,0.7059,Apparel,32,0.3438,0.53125
466,5,21,126944.00,6044.952381,0.6667,Wellness,32,0.2813,0.65625
467,18,24,235630.00,9817.916667,0.3333,Beauty,31,0.4194,0.774194
468,51,15,101716.00,6781.066667,0.4667,Wellness,28,0.1429,0.535714
469,3,17,323816.00,19048.000000,0.7059,Electronics,33,0.303,0.515152
470,46,16,48235.00,3014.687500,0.25,Wellness,28,0.2143,0.571429
471,5,22,257365.00,11698.409091,0.6364,Wellness,32,0.3438,0.6875
472,47,18,233411.00,12967.277778,0.7222,Beauty,32,0.3125,0.5625
473,18,17,188895.00,11111.470588,0.5882,Beauty,38,0.3684,0.447368
474,18,28,230303.00,8225.107143,0.3214,Wellness,38,0.2895,0.736842
475,37,21,272355.00,12969.285714,0.7619,Groceries,21,0.3333,1
476,38,11,149480.00,13589.090909,0.5455,Groceries,27,0.1852,0.407407
477,72,15,273513.00,18234.200000,0.7333,Groceries,24,0.25,0.625
478,6,20,232476.00,11623.800000,0.4,Wellness,37,0.3514,0.540541
479,15,12,236232.00,19686.000000,0.5,Wellness,39,0.2821,0.307692
480,5,19,243108.00,12795.157895,0.6842,Groceries,30,0.3,0.633333
481,11,25,256669.00,10266.760000,0.2,Beauty,36,0.2778,0.694444
482,10,18,190836.00,10602.000000,0.3889,Groceries,38,0.2895,0.473684
483,37,20,377078.00,18853.900000,0.25,Beauty,34,0.3529,0.588235
484,15,19,224685.00,11825.526316,0.3684,Apparel,38,0.2105,0.5
485,7,22,269197.00,12236.227273,0.3636,Groceries,31,0.3871,0.709677
486,55,13,218911.00,16839.307692,0.4615,Beauty,37,0.3243,0.351351
487,5,17,275835.00,16225.588235,0.1176,Beauty,39,0.2564,0.435897
488,3,18,156189.00,8677.166667,0.8333,Apparel,34,0.4706,0.529412
489,8,24,307870.00,12827.916667,0.4167,Groceries,31,0.2903,0.774194
490,16,21,125310.00,5967.142857,0.3333,Wellness,27,0.4815,0.777778
491,5,23,176893.00,7691.000000,0.4783,Beauty,28,0.3571,0.821429
492,35,27,239083.00,8854.925926,0.2963,Apparel,26,0.3846,1.03846
493,27,18,151149.00,8397.166667,0.5556,Wellness,39,0.3077,0.461538
494,4,14,219701.00,15692.928571,0.5714,Beauty,29,0.2759,0.482759
495,18,25,162418.00,6496.720000,0.56,Beauty,29,0.2069,0.862069
496,38,17,141111.00,8300.647059,0.4118,Groceries,27,0.2963,0.62963
497,22,19,213099.00,11215.736842,0.7895,Beauty,35,0.4286,0.542857
498,9,22,327423.00,14882.863636,0.3182,Beauty,30,0.4,0.733333
499,4,21,213087.00,10147.000000,0.5714,Apparel,25,0.16,0.84
500,28,12,122707.00,10225.583333,0.1667,Beauty,25,0.36,0.48
501,20,13,72843.00,5603.307692,0.3846,Apparel,32,0.25,0.40625
502,28,17,94156.00,5538.588235,0.8824,Wellness,27,0.1852,0.62963
503,4,21,216457.00,10307.476190,0.3333,Beauty,31,0.4516,0.677419
504,25,13,133014.00,10231.846154,0.7692,Wellness,26,0.2308,0.5
505,51,13,88537.00,6810.538462,0.8462,Wellness,22,0.3636,0.590909
506,53,18,124704.00,6928.000000,0.7778,Beauty,25,0.2,0.72
507,3,18,47746.00,2652.555556,0.2778,Apparel,15,0.3333,1.2
508,23,22,422778.00,19217.181818,0.5,Beauty,29,0.2414,0.758621
509,49,18,135798.00,7544.333333,0.5,Groceries,21,0.3333,0.857143
510,14,22,166843.00,7583.772727,0.6818,Wellness,29,0.3448,0.758621
511,4,22,201225.00,9146.590909,0.6364,Wellness,27,0.2593,0.814815
512,8,10,152641.00,15264.100000,0.7,Beauty,30,0.4333,0.333333
513,8,28,215891.00,7710.392857,0.6429,Apparel,41,0.1463,0.682927
514,17,23,333702.00,14508.782609,0.8696,Wellness,29,0.3793,0.793103
515,14,25,203342.00,8133.680000,0.36,Apparel,40,0.275,0.625
516,28,15,95431.00,6362.066667,0.6,Groceries,28,0.3929,0.535714
517,14,22,241704.00,10986.545455,0.9091,Beauty,24,0.25,0.916667
518,22,18,227576.00,12643.111111,0.1667,Apparel,25,0.44,0.72
519,22,18,210200.00,11677.777778,0.5,Apparel,20,0.35,0.9
520,21,17,51708.00,3041.647059,0.7059,Groceries,24,0.2917,0.708333
521,20,19,316698.00,16668.315789,0.1579,Electronics,27,0.2222,0.703704
522,4,16,46204.00,2887.750000,0.75,Apparel,33,0.3636,0.484848
523,6,21,320210.00,15248.095238,0.3333,Electronics,35,0.3143,0.6
524,39,21,138505.00,6595.476190,0.1905,Apparel,25,0.28,0.84
525,11,25,229478.00,9179.120000,0.4,Wellness,22,0.3182,1.13636
526,4,21,255335.00,12158.809524,0.7143,Beauty,31,0.2903,0.677419
527,20,19,228604.00,12031.789474,0.5789,Electronics,24,0.25,0.791667
528,55,20,242653.00,12132.650000,0.8,Groceries,31,0.2903,0.645161
529,14,22,172054.00,7820.636364,0.8636,Wellness,36,0.3333,0.611111
530,7,16,158457.00,9903.562500,0.25,Wellness,33,0.2727,0.484848
531,33,24,196267.00,8177.791667,0.5833,Beauty,30,0.3667,0.8
532,9,23,360245.00,15662.826087,0.5652,Wellness,26,0.3077,0.884615
533,9,16,284181.00,17761.312500,0.5625,Electronics,29,0.3103,0.551724
534,82,15,290254.00,19350.266667,0.3333,Electronics,21,0.2857,0.714286
535,53,22,281082.00,12776.454545,0.3636,Beauty,32,0.3438,0.6875
536,4,20,47355.00,2367.750000,0.45,Wellness,36,0.1944,0.555556
537,3,25,312106.00,12484.240000,0.76,Electronics,30,0.3333,0.833333
538,11,28,211751.00,7562.535714,0.4643,Wellness,33,0.3333,0.848485
539,47,16,90875.00,5679.687500,0.5,Apparel,33,0.303,0.484848
540,18,18,205135.00,11396.388889,0.5556,Groceries,39,0.3333,0.461538
541,14,22,102352.00,4652.363636,0.3636,Wellness,28,0.2857,0.785714
542,11,27,451659.00,16728.111111,0.5185,Electronics,30,0.2667,0.9
543,8,25,301937.00,12077.480000,0.24,Wellness,38,0.3947,0.657895
544,20,20,120301.00,6015.050000,0.65,Wellness,29,0.2069,0.689655
545,10,25,248696.00,9947.840000,0.44,Groceries,29,0.2759,0.862069
546,79,16,63134.00,3945.875000,0.5,Groceries,22,0.3636,0.727273
547,64,21,151338.00,7206.571429,0.381,Wellness,26,0.3077,0.807692
548,22,20,179560.00,8978.000000,0.55,Groceries,38,0.3684,0.526316
549,30,15,98218.00,6547.866667,0.6,Apparel,32,0.2188,0.46875
550,3,23,369968.00,16085.565217,0.5652,Beauty,35,0.2857,0.657143
551,6,17,155866.00,9168.588235,0.2941,Beauty,35,0.4,0.485714
552,6,18,13714.00,761.888889,0.4444,Apparel,25,0.2,0.72
553,7,26,409337.00,15743.730769,0.7692,Apparel,26,0.3077,1
554,17,24,197985.00,8249.375000,0.7917,Wellness,26,0.3846,0.923077
555,3,16,113061.00,7066.312500,0.375,Apparel,32,0.2813,0.5
556,39,20,225747.00,11287.350000,0.5,Beauty,30,0.2,0.666667
557,7,22,148054.00,6729.727273,0.2727,Apparel,36,0.3611,0.611111
558,8,24,129115.00,5379.791667,0.2917,Apparel,30,0.2333,0.8
559,12,18,187216.00,10400.888889,0.2778,Wellness,20,0.3,0.9
560,23,23,298539.00,12979.956522,0.3913,Apparel,24,0.4583,0.958333
561,11,17,182789.00,10752.294118,0.5882,Wellness,33,0.3333,0.515152
562,14,19,270897.00,14257.736842,0.7368,Beauty,28,0.25,0.678571
563,28,15,195248.00,13016.533333,0.7333,Beauty,26,0.3077,0.576923
564,58,30,240273.00,8009.100000,0.2667,Wellness,32,0.3125,0.9375
565,14,16,88035.00,5502.187500,0.4375,Wellness,25,0.28,0.64
566,22,19,136061.00,7161.105263,0.5789,Apparel,39,0.4103,0.487179
567,24,24,241554.00,10064.750000,0.5417,Wellness,30,0.4,0.8
568,19,18,168044.00,9335.777778,0.5556,Wellness,38,0.4211,0.473684
569,7,27,307224.00,11378.666667,0.6296,Groceries,30,0.2,0.9
570,3,27,233381.00,8643.740741,0.7037,Wellness,25,0.36,1.08
571,12,22,308604.00,14027.454545,0.3182,Apparel,33,0.2424,0.666667
572,5,23,235112.00,10222.260870,0.5217,Apparel,37,0.3514,0.621622
573,53,9,89945.00,9993.888889,0.2222,Apparel,32,0.25,0.28125
574,83,17,237498.00,13970.470588,0.7059,Electronics,37,0.2973,0.459459
575,22,21,168623.00,8029.666667,0.381,Wellness,21,0.2381,1
576,5,22,270117.00,12278.045455,0.5909,Apparel,26,0.2692,0.846154
577,43,20,142922.00,7146.100000,0.75,Apparel,29,0.4138,0.689655
578,21,22,207546.00,9433.909091,0.2273,Wellness,34,0.4118,0.647059
579,26,20,55570.00,2778.500000,0.5,Wellness,32,0.3125,0.625
580,37,20,142104.00,7105.200000,0.55,Wellness,41,0.2683,0.487805
581,36,14,55018.00,3929.857143,0.7857,Wellness,29,0.3793,0.482759
582,26,13,187531.00,14425.461538,0.4615,Wellness,37,0.3243,0.351351
583,15,20,287701.00,14385.050000,0.65,Apparel,27,0.4444,0.740741
584,25,22,316913.00,14405.136364,0.7727,Electronics,39,0.2821,0.564103
585,13,27,373740.00,13842.222222,0.5926,Apparel,12,0.3333,2.25
586,16,23,268500.00,11673.913043,0.4783,Apparel,36,0.3889,0.638889
587,22,22,190596.00,8663.454545,0.4545,Groceries,34,0.3235,0.647059
588,4,15,158582.00,10572.133333,0.2667,Groceries,29,0.3448,0.517241
589,6,13,86857.00,6681.307692,0.2308,Wellness,29,0.4483,0.448276
590,25,27,303641.00,11245.962963,0.8148,Wellness,30,0.3667,0.9
591,21,21,190243.00,9059.190476,0.4286,Beauty,25,0.36,0.84
592,5,20,471357.00,23567.850000,0.4,Electronics,35,0.4286,0.571429
593,22,14,111401.00,7957.214286,0.7143,Apparel,36,0.3333,0.388889
594,31,17,132943.00,7820.176471,0.3529,Wellness,19,0.3158,0.894737
595,6,21,507152.00,24150.095238,0.2857,Electronics,42,0.3095,0.5
596,16,27,409208.00,15155.851852,0.0741,Wellness,33,0.1818,0.818182
597,34,18,246185.00,13676.944444,0.3333,Electronics,29,0.2759,0.62069
598,33,22,209785.00,9535.681818,0.5,Wellness,34,0.2647,0.647059
599,39,17,89290.00,5252.352941,0.2353,Apparel,28,0.3929,0.607143
600,12,15,96503.00,6433.533333,0.5333,Beauty,23,0.2609,0.652174
601,11,18,238523.00,13251.277778,0.3889,Electronics,28,0.3929,0.642857
602,7,32,385588.00,12049.625000,0.3125,Beauty,35,0.3429,0.914286
603,6,18,382387.00,21243.722222,0.5556,Wellness,27,0.2222,0.666667
604,5,15,179374.00,11958.266667,0.6667,Apparel,27,0.1852,0.555556
605,21,26,202332.00,7782.000000,0.6538,Beauty,29,0.2759,0.896552
606,41,15,147975.00,9865.000000,0.4,Apparel,34,0.3235,0.441176
607,24,18,190477.00,10582.055556,0.5556,Apparel,24,0.3333,0.75
608,23,16,101023.00,6313.937500,0.3125,Wellness,29,0.3448,0.551724
609,12,22,249835.00,11356.136364,0.5909,Beauty,24,0.375,0.916667
610,14,17,123329.00,7254.647059,0.6471,Wellness,36,0.1111,0.472222
611,7,25,134091.00,5363.640000,0.6,Apparel,34,0.1471,0.735294
612,20,21,262865.00,12517.380952,0.4762,Groceries,32,0.2188,0.65625
613,15,24,192990.00,8041.250000,0.625,Wellness,30,0.4,0.8
614,16,15,118777.00,7918.466667,0.5333,Groceries,30,0.2,0.5
615,36,19,311110.00,16374.210526,0.4737,Beauty,28,0.2857,0.678571
616,4,24,379731.00,15822.125000,0.7083,Beauty,30,0.4333,0.8
617,17,22,396685.00,18031.136364,0.6818,Electronics,29,0.2069,0.758621
618,13,23,271766.00,11815.913043,0.3913,Groceries,40,0.375,0.575
619,12,20,93729.00,4686.450000,0.75,Groceries,35,0.3143,0.571429
620,9,22,267008.00,12136.727273,0.1818,Groceries,31,0.2903,0.709677
621,13,15,249362.00,16624.133333,0.6,Electronics,27,0.2593,0.555556
622,58,21,183837.00,8754.142857,0.5714,Wellness,26,0.2308,0.807692
623,21,19,54366.00,2861.368421,0.5263,Wellness,28,0.25,0.678571
624,10,14,197451.00,14103.642857,0.6429,Apparel,30,0.2,0.466667
625,31,22,268821.00,12219.136364,0.6364,Groceries,30,0.1667,0.733333
626,14,28,155844.00,5565.857143,0.4643,Apparel,39,0.2821,0.717949
627,47,17,162901.00,9582.411765,0.8824,Wellness,27,0.2593,0.62963
628,83,19,329010.00,17316.315789,0.2632,Electronics,38,0.2368,0.5
629,37,24,137356.00,5723.166667,0.4583,Wellness,36,0.1944,0.666667
630,8,20,258650.00,12932.500000,0.35,Electronics,33,0.4848,0.606061
631,34,15,179307.00,11953.800000,0.3333,Electronics,27,0.2593,0.555556
632,6,20,335238.00,16761.900000,0.85,Electronics,35,0.2571,0.571429
633,4,19,162269.00,8540.473684,0.4211,Wellness,39,0.3333,0.487179
634,5,25,158977.00,6359.080000,0.8,Wellness,31,0.2581,0.806452
635,14,25,258840.00,10353.600000,0.44,Apparel,37,0.2973,0.675676
636,13,17,124141.00,7302.411765,0.7647,Groceries,26,0.3462,0.653846
637,10,10,155565.00,15556.500000,0.4,Apparel,24,0.2083,0.416667
638,5,24,263685.00,10986.875000,0.3333,Apparel,37,0.2973,0.648649
639,11,22,147902.00,6722.818182,0.3182,Wellness,25,0.24,0.88
640,22,20,50964.00,2548.200000,0.7,Wellness,27,0.3704,0.740741
641,19,13,50295.00,3868.846154,0.2308,Apparel,26,0.0769,0.5
642,29,17,400040.00,23531.764706,0.6471,Electronics,20,0.25,0.85
643,15,23,138521.00,6022.652174,0.7391,Wellness,33,0.303,0.69697
644,12,18,128296.00,7127.555556,0.3333,Apparel,27,0.3704,0.666667
645,39,21,187319.00,8919.952381,0.619,Beauty,34,0.3529,0.617647
646,4,10,174028.00,17402.800000,0.5,Beauty,41,0.2683,0.243902
647,6,22,173736.00,7897.090909,0.5455,Beauty,31,0.2581,0.709677
648,16,21,225299.00,10728.523810,0.4286,Wellness,40,0.35,0.525
649,4,22,322098.00,14640.818182,0.5,Apparel,31,0.3871,0.709677
650,12,22,139644.00,6347.454545,0.3636,Apparel,21,0.2381,1.04762
651,6,26,469766.00,18067.923077,0.6538,Electronics,44,0.1818,0.590909
652,8,19,250607.00,13189.842105,0.2105,Groceries,27,0.4444,0.703704
653,6,29,436581.00,15054.517241,0.6552,Groceries,29,0.3103,1
654,12,15,187590.00,12506.000000,0.4667,Wellness,35,0.4,0.428571
655,27,11,162422.00,14765.636364,0.2727,Apparel,30,0.2,0.366667
656,14,28,340109.00,12146.750000,0.5,Wellness,29,0.4138,0.965517
657,4,27,205749.00,7620.333333,0.5926,Wellness,30,0.2333,0.9
658,7,17,287315.00,16900.882353,0.4118,Groceries,28,0.3214,0.607143
659,30,19,196427.00,10338.263158,0.1579,Beauty,31,0.2258,0.612903
660,11,23,260339.00,11319.086957,0.4348,Beauty,26,0.3846,0.884615
661,10,15,301673.00,20111.533333,0.7333,Beauty,28,0.25,0.535714
662,14,18,134764.00,7486.888889,0.6111,Groceries,25,0.36,0.72
663,17,24,348119.00,14504.958333,0.3333,Apparel,25,0.16,0.96
664,4,22,167102.00,7595.545455,0.5455,Wellness,33,0.2727,0.666667
665,2,19,148773.00,7830.157895,0.2632,Apparel,32,0.2813,0.59375
666,11,18,71990.00,3999.444444,0.3889,Beauty,37,0.3243,0.486486
667,9,15,176096.00,11739.733333,0.8667,Apparel,36,0.2778,0.416667
668,8,26,316468.00,12171.846154,0.8462,Apparel,25,0.28,1.04
669,21,19,260834.00,13728.105263,0.4211,Electronics,28,0.3214,0.678571
670,19,19,152120.00,8006.315789,0.6316,Wellness,30,0.2333,0.633333
671,6,21,192740.00,9178.095238,0.2857,Groceries,19,0.2632,1.10526
672,16,23,176861.00,7689.608696,0.3913,Apparel,28,0.4286,0.821429
673,5,26,329636.00,12678.307692,0.6923,Groceries,28,0.2857,0.928571
674,31,27,259744.00,9620.148148,0.4444,Wellness,32,0.3125,0.84375
675,7,22,51145.00,2324.772727,0.3182,Beauty,26,0.1923,0.846154
676,14,17,163600.00,9623.529412,0.4118,Apparel,31,0.2581,0.548387
677,25,23,326976.00,14216.347826,0.6087,Electronics,24,0.2083,0.958333
678,26,16,49123.00,3070.187500,0.75,Wellness,28,0.3929,0.571429
679,38,19,73417.00,3864.052632,0.5789,Groceries,20,0.2,0.95
680,79,15,107803.00,7186.866667,0.4,Wellness,35,0.4286,0.428571
681,15,20,365879.00,18293.950000,0.7,Electronics,33,0.2424,0.606061
682,11,23,324355.00,14102.391304,0.6087,Electronics,28,0.25,0.821429
683,33,16,275888.00,17243.000000,0.5625,Electronics,29,0.2069,0.551724
684,17,17,130277.00,7663.352941,0.7059,Wellness,27,0.2963,0.62963
685,11,28,395183.00,14113.678571,0.8214,Apparel,33,0.3939,0.848485
686,49,14,86703.00,6193.071429,0.2857,Apparel,25,0.24,0.56
687,18,25,442485.00,17699.400000,0.8,Electronics,30,0.2333,0.833333
688,32,24,153390.00,6391.250000,0.6667,Apparel,24,0.375,1
689,6,18,156703.00,8705.722222,0.7778,Beauty,37,0.3784,0.486486
690,26,20,217093.00,10854.650000,0.6,Beauty,28,0.25,0.714286
691,17,17,131015.00,7706.764706,0.8235,Beauty,27,0.4444,0.62963
692,7,20,248104.00,12405.200000,0.7,Wellness,40,0.525,0.5
693,32,18,159323.00,8851.277778,0.6667,Wellness,38,0.2895,0.473684
694,45,22,436136.00,19824.363636,0.3182,Beauty,35,0.3143,0.628571
695,11,23,309799.00,13469.521739,0.2609,Groceries,34,0.2941,0.676471
696,6,30,297548.00,9918.266667,0.4667,Groceries,43,0.2093,0.697674
697,10,13,280206.00,21554.307692,0.6154,Apparel,30,0.2667,0.433333
698,26,17,158854.00,9344.352941,0.9412,Beauty,27,0.2222,0.62963
699,9,17,212430.00,12495.882353,0.5294,Electronics,21,0.3333,0.809524
700,16,23,295800.00,12860.869565,0.4783,Beauty,25,0.44,0.92
701,33,27,210635.00,7801.296296,0.4074,Groceries,33,0.303,0.818182
702,15,16,87238.00,5452.375000,0.25,Apparel,24,0.4583,0.666667
703,9,16,151058.00,9441.125000,0.875,Apparel,29,0.2069,0.551724
704,20,28,159280.00,5688.571429,0.6429,Apparel,36,0.3333,0.777778
705,35,13,88997.00,6845.923077,0.6154,Groceries,34,0.3235,0.382353
706,36,18,252690.00,14038.333333,0.2222,Beauty,27,0.2963,0.666667
707,10,25,272364.00,10894.560000,0.64,Beauty,29,0.3448,0.862069
708,21,19,361210.00,19011.052632,0.5263,Beauty,29,0.2759,0.655172
709,13,19,358587.00,18873.000000,0.6842,Electronics,39,0.2821,0.487179
710,12,21,62255.00,2964.523810,0.381,Wellness,21,0.4286,1
711,56,17,87975.00,5175.000000,0.3529,Wellness,30,0.4333,0.566667
712,41,22,318342.00,14470.090909,0.3182,Electronics,30,0.2667,0.733333
713,9,14,113874.00,8133.857143,0.4286,Apparel,31,0.3226,0.451613
714,120,17,210885.00,12405.000000,0.5294,Electronics,36,0.25,0.472222
715,29,18,113703.00,6316.833333,0.1667,Apparel,25,0.36,0.72
716,41,9,9457.00,1050.777778,0.4444,Groceries,33,0.2727,0.272727
717,15,24,100266.00,4177.750000,0.25,Groceries,26,0.1923,0.923077
718,8,25,236802.00,9472.080000,0.32,Wellness,26,0.2692,0.961538
719,10,19,218436.00,11496.631579,0.4737,Apparel,31,0.129,0.612903
720,21,26,444079.00,17079.961538,0.5385,Electronics,29,0.2069,0.896552
721,17,18,283058.00,15725.444444,0.5,Groceries,23,0.2174,0.782609
722,9,30,185106.00,6170.200000,0.6667,Groceries,25,0.36,1.2
723,74,20,293231.00,14661.550000,0.3,Wellness,33,0.2121,0.606061
724,40,20,428581.00,21429.050000,0.35,Electronics,29,0.4828,0.689655
725,52,17,144771.00,8515.941176,0.5882,Groceries,25,0.36,0.68
726,70,13,201210.00,15477.692308,0.6154,Groceries,23,0.3913,0.565217
727,5,8,168271.00,21033.875000,0.5,Beauty,23,0.3913,0.347826
728,18,22,146194.00,6645.181818,0.5455,Beauty,31,0.2581,0.709677
729,14,24,158558.00,6606.583333,0.7917,Wellness,27,0.2593,0.888889
730,21,17,383912.00,22583.058824,0.4118,Electronics,43,0.3256,0.395349
731,22,20,177263.00,8863.150000,0.3,Wellness,25,0.32,0.8
732,19,19,53543.00,2818.052632,0.5789,Wellness,34,0.3529,0.558824
733,25,28,181420.00,6479.285714,0.1071,Beauty,29,0.3448,0.965517
734,99,19,208509.00,10974.157895,0.8421,Wellness,34,0.2059,0.558824
735,6,25,375915.00,15036.600000,0.68,Electronics,28,0.25,0.892857
736,18,16,117128.00,7320.500000,0.9375,Groceries,30,0.4,0.533333
737,37,16,222064.00,13879.000000,0.5625,Electronics,43,0.3256,0.372093
738,7,15,127312.00,8487.466667,0.6,Wellness,26,0.3077,0.576923
739,6,18,120483.00,6693.500000,0.2222,Beauty,35,0.2857,0.514286
740,19,19,147460.00,7761.052632,0.4211,Wellness,40,0.075,0.475
741,22,16,204245.00,12765.312500,0.25,Groceries,26,0.2692,0.615385
742,11,22,235396.00,10699.818182,0.1818,Wellness,33,0.2424,0.666667
743,12,22,256917.00,11678.045455,0.3182,Wellness,37,0.1892,0.594595
744,18,26,225050.00,8655.769231,0.4615,Beauty,29,0.3448,0.896552
745,35,24,246819.00,10284.125000,0.2083,Beauty,20,0.15,1.2
746,28,21,156488.00,7451.809524,0.7143,Wellness,33,0.1515,0.636364
747,15,23,186807.00,8122.043478,0.2609,Wellness,31,0.2581,0.741935
748,16,20,240341.00,12017.050000,0.65,Groceries,30,0.2333,0.666667
749,10,17,268309.00,15782.882353,0.7059,Electronics,33,0.4545,0.515152
750,11,13,99507.00,7654.384615,0.6154,Beauty,29,0.3793,0.448276
751,32,15,246695.00,16446.333333,0.5333,Wellness,31,0.2258,0.483871
752,32,18,104336.00,5796.444444,0.6111,Wellness,26,0.2692,0.692308
753,17,17,196976.00,11586.823529,0.7059,Wellness,31,0.3226,0.548387
754,95,6,5239.00,873.166667,0.8333,Apparel,27,0.2222,0.222222
755,3,23,236654.00,10289.304348,0.4783,Beauty,37,0.2973,0.621622
756,62,20,195080.00,9754.000000,0.45,Beauty,32,0.125,0.625
757,3,27,94712.00,3507.851852,0.7778,Apparel,39,0.3846,0.692308
758,9,16,251418.00,15713.625000,0.375,Wellness,28,0.1071,0.571429
759,4,32,293143.00,9160.718750,0.5625,Apparel,24,0.25,1.33333
760,31,24,243256.00,10135.666667,0.1667,Groceries,24,0.25,1
761,25,13,132555.00,10196.538462,0.4615,Groceries,31,0.3226,0.419355
762,28,29,311997.00,10758.517241,0.6897,Wellness,36,0.3056,0.805556
763,76,16,257197.00,16074.812500,0.3125,Beauty,32,0.3125,0.5
764,36,18,129371.00,7187.277778,0.7222,Wellness,28,0.3929,0.642857
765,22,21,200710.00,9557.619048,0.4762,Beauty,31,0.2903,0.677419
766,67,17,135588.00,7975.764706,0.4118,Wellness,25,0.12,0.68
767,19,25,376417.00,15056.680000,0.36,Groceries,21,0.1905,1.19048
768,3,23,209197.00,9095.521739,0.6522,Beauty,34,0.2647,0.676471
769,41,20,119877.00,5993.850000,0.6,Apparel,27,0.4444,0.740741
770,12,28,386891.00,13817.535714,0.2143,Electronics,31,0.3871,0.903226
771,3,19,222348.00,11702.526316,0.4211,Groceries,31,0.2903,0.612903
772,56,15,73486.00,4899.066667,0.2667,Apparel,33,0.3939,0.454545
773,9,27,217556.00,8057.629630,0.5556,Beauty,28,0.3571,0.964286
774,8,20,126688.00,6334.400000,0.5,Wellness,36,0.3056,0.555556
775,35,25,167015.00,6680.600000,0.56,Beauty,25,0.32,1
776,6,26,266871.00,10264.269231,0.3077,Apparel,28,0.2143,0.928571
777,103,11,25640.00,2330.909091,0.8182,Wellness,27,0.2222,0.407407
778,27,27,226507.00,8389.148148,0.8519,Groceries,29,0.4828,0.931035
779,19,16,226014.00,14125.875000,0.4375,Wellness,37,0.4595,0.432432
780,13,13,248307.00,19100.538462,0.1538,Groceries,29,0.4828,0.448276
781,46,18,240622.00,13367.888889,0.2222,Wellness,29,0.3448,0.62069
782,13,25,436959.00,17478.360000,0.32,Electronics,29,0.2759,0.862069
783,22,19,85162.00,4482.210526,0.7895,Beauty,36,0.4167,0.527778
784,18,22,249412.00,11336.909091,0.3182,Wellness,33,0.3939,0.666667
785,30,19,18838.00,991.473684,0.4737,Apparel,32,0.25,0.59375
786,26,19,130082.00,6846.421053,0.6842,Apparel,29,0.1379,0.655172
787,25,18,134750.00,7486.111111,0.5556,Apparel,25,0.2,0.72
788,15,25,379877.00,15195.080000,0.56,Apparel,31,0.3548,0.806452
789,59,19,146480.00,7709.473684,0.3158,Wellness,34,0.3235,0.558824
790,58,22,242475.00,11021.590909,0.4545,Apparel,22,0.3636,1
791,9,20,188544.00,9427.200000,0.3,Wellness,43,0.4419,0.465116
792,21,24,379557.00,15814.875000,0.6667,Electronics,24,0.3333,1
793,14,20,100431.00,5021.550000,0.4,Apparel,39,0.2821,0.51282
794,26,16,110591.00,6911.937500,0.3125,Apparel,25,0.32,0.64
795,13,23,216408.00,9409.043478,0.4783,Beauty,25,0.2,0.92
796,10,25,246045.00,9841.800000,0.56,Groceries,40,0.25,0.625
797,11,19,261681.00,13772.684211,0.4211,Beauty,33,0.4242,0.575758
798,35,13,178300.00,13715.384615,0.6154,Apparel,30,0.3333,0.433333
799,12,22,166826.00,7583.000000,0.8636,Apparel,28,0.25,0.785714
800,5,21,96556.00,4597.904762,0.619,Wellness,21,0.2857,1
801,10,29,265298.00,9148.206897,0.6207,Groceries,31,0.3226,0.935484
802,4,18,114649.00,6369.388889,0.4444,Beauty,29,0.1724,0.62069
803,12,21,141621.00,6743.857143,0.5238,Groceries,32,0.3125,0.65625
804,19,21,219104.00,10433.523810,0.1905,Wellness,29,0.2414,0.724138
805,20,15,278973.00,18598.200000,0.7333,Wellness,44,0.2955,0.340909
806,7,19,360595.00,18978.684211,0.6842,Apparel,26,0.3846,0.730769
807,27,20,150631.00,7531.550000,0.7,Apparel,20,0.3,1
808,15,15,318018.00,21201.200000,0.5333,Beauty,30,0.2667,0.5
809,19,16,169899.00,10618.687500,0.875,Beauty,39,0.1795,0.410256
810,10,24,221863.00,9244.291667,0.7917,Apparel,26,0.1538,0.923077
811,85,13,130526.00,10040.461538,0.6923,Groceries,34,0.1765,0.382353
812,38,19,287189.00,15115.210526,0.5789,Groceries,23,0.3913,0.826087
813,24,19,350538.00,18449.368421,0.6842,Electronics,26,0.4615,0.730769
814,6,16,68095.00,4255.937500,0.625,Groceries,25,0.48,0.64
815,67,17,119537.00,7031.588235,0.7059,Wellness,23,0.3043,0.73913
816,11,11,122652.00,11150.181818,0.3636,Beauty,28,0.3571,0.392857
817,19,18,219566.00,12198.111111,0.7222,Wellness,29,0.2414,0.62069
818,13,23,157720.00,6857.391304,0.3913,Apparel,31,0.4194,0.741935
819,6,18,241142.00,13396.777778,0.7222,Wellness,33,0.3636,0.545455
820,12,17,152729.00,8984.058824,0.1176,Wellness,29,0.4138,0.586207
821,25,16,179960.00,11247.500000,0.5,Groceries,22,0.2727,0.727273
822,41,24,323587.00,13482.791667,0.25,Wellness,21,0.3333,1.14286
823,20,19,297946.00,15681.368421,0.6316,Wellness,26,0.3077,0.730769
824,9,14,238855.00,17061.071429,0.7143,Electronics,29,0.4138,0.482759
825,5,20,132266.00,6613.300000,0.7,Groceries,33,0.3333,0.606061
826,32,20,191054.00,9552.700000,0.65,Apparel,22,0.2727,0.909091
827,78,22,255195.00,11599.772727,0.4091,Beauty,27,0.2222,0.814815
828,15,15,90655.00,6043.666667,0.7333,Groceries,21,0.4762,0.714286
829,34,25,246034.00,9841.360000,0.36,Apparel,39,0.2821,0.641026
830,37,21,344385.00,16399.285714,0.1429,Groceries,36,0.25,0.583333
831,9,24,216630.00,9026.250000,0.2083,Beauty,34,0.2059,0.705882
832,11,19,183575.00,9661.842105,0.6316,Beauty,30,0.3667,0.633333
833,9,28,270694.00,9667.642857,0.3929,Beauty,29,0.2414,0.965517
834,25,17,207151.00,12185.352941,0.5294,Apparel,38,0.2368,0.447368
835,68,16,32899.00,2056.187500,0.5625,Groceries,35,0.3143,0.457143
836,24,25,383132.00,15325.280000,0.36,Beauty,31,0.1613,0.806452
837,38,23,107612.00,4678.782609,0.6522,Beauty,27,0.2963,0.851852
838,17,20,104122.00,5206.100000,0.6,Apparel,28,0.1786,0.714286
839,16,12,61295.00,5107.916667,0.4167,Beauty,27,0.2963,0.444444
840,42,16,71895.00,4493.437500,0.9375,Wellness,35,0.2286,0.457143
841,14,25,363470.00,14538.800000,0.68,Apparel,28,0.3571,0.892857
842,5,20,191028.00,9551.400000,0.6,Apparel,23,0.4783,0.869565
843,8,23,273347.00,11884.652174,0.6087,Wellness,34,0.4118,0.676471
844,11,19,179161.00,9429.526316,0.6316,Groceries,26,0.4231,0.730769
845,9,16,226555.00,14159.687500,0.5,Wellness,29,0.2759,0.551724
846,15,22,152940.00,6951.818182,0.5455,Apparel,24,0.4583,0.916667
847,3,19,107646.00,5665.578947,0.6842,Beauty,35,0.2286,0.542857
848,7,22,97378.00,4426.272727,0.5909,Wellness,23,0.1739,0.956522
849,31,18,165902.00,9216.777778,0.8333,Wellness,26,0.3077,0.692308
850,10,21,161437.00,7687.476190,0.4762,Apparel,26,0.4231,0.807692
851,13,22,169983.00,7726.500000,0.5909,Wellness,33,0.2121,0.666667
852,15,15,13149.00,876.600000,0.8,Beauty,28,0.2143,0.535714
853,4,20,153710.00,7685.500000,0.85,Apparel,30,0.2667,0.666667
854,23,34,480859.00,14142.911765,0.4118,Electronics,28,0.3929,1.21429
855,12,21,308148.00,14673.714286,0.2381,Electronics,26,0.2692,0.807692
856,9,19,260563.00,13713.842105,0.2632,Wellness,43,0.2791,0.44186
857,8,16,224754.00,14047.125000,0.3125,Wellness,28,0.25,0.571429
858,8,23,118287.00,5142.913043,0.3478,Apparel,27,0.3704,0.851852
859,18,25,222310.00,8892.400000,0.44,Beauty,24,0.2917,1.04167
860,18,18,150745.00,8374.722222,0.3333,Wellness,35,0.2571,0.514286
861,4,28,231622.00,8272.214286,0.3571,Wellness,28,0.25,1
862,47,20,91325.00,4566.250000,0.35,Groceries,29,0.3793,0.689655
863,5,26,240388.00,9245.692308,0.7308,Beauty,33,0.1515,0.787879
864,8,18,184401.00,10244.500000,0.6111,Wellness,33,0.3939,0.545455
865,30,29,601539.00,20742.724138,0.4483,Wellness,13,0.3846,2.23077
866,74,11,165143.00,15013.000000,0.7273,Electronics,24,0.25,0.458333
867,37,28,229404.00,8193.000000,0.5714,Wellness,27,0.2593,1.03704
868,45,27,277974.00,10295.333333,0.5926,Groceries,19,0.2105,1.42105
869,3,27,207661.00,7691.148148,0.7037,Groceries,22,0.3636,1.22727
870,4,15,135225.00,9015.000000,0.0667,Beauty,25,0.36,0.6
871,46,21,173518.00,8262.761905,0.2857,Beauty,34,0.2941,0.617647
872,7,26,399922.00,15381.615385,0.7692,Beauty,25,0.48,1.04
873,17,15,512623.00,34174.866667,0.7333,Electronics,34,0.2941,0.441176
874,6,8,70265.00,8783.125000,0,Groceries,27,0.2222,0.296296
875,2,21,179589.00,8551.857143,0.3333,Beauty,28,0.5,0.75
876,6,17,68739.00,4043.470588,0.7059,Wellness,31,0.1613,0.548387
877,4,11,90133.00,8193.909091,0.7273,Apparel,31,0.3871,0.354839
878,27,17,100728.00,5925.176471,0.7647,Wellness,35,0.3143,0.485714
879,3,18,105479.00,5859.944444,0.3333,Wellness,29,0.2414,0.62069
880,35,20,42174.00,2108.700000,0.15,Wellness,34,0.3529,0.588235
881,12,18,96632.00,5368.444444,0.4444,Apparel,18,0.2778,1
882,25,14,193852.00,13846.571429,0.6429,Groceries,23,0.2609,0.608696
883,8,26,303024.00,11654.769231,0.7308,Apparel,28,0.3214,0.928571
884,10,18,170316.00,9462.000000,0.5,Electronics,29,0.1724,0.62069
885,30,22,380559.00,17298.136364,0.3182,Beauty,30,0.3,0.733333
886,33,19,128984.00,6788.631579,0.5789,Groceries,33,0.3636,0.575758
887,4,20,225166.00,11258.300000,0.45,Wellness,33,0.2424,0.606061
888,19,15,202768.00,13517.866667,0.6667,Wellness,41,0.3415,0.365854
889,5,25,335004.00,13400.160000,0.68,Beauty,22,0.0909,1.13636
890,15,22,285392.00,12972.363636,0.3636,Beauty,45,0.3111,0.488889
891,25,16,131860.00,8241.250000,0.3125,Beauty,23,0.2609,0.695652
892,30,23,233181.00,10138.304348,0.6087,Beauty,34,0.2353,0.676471
893,19,14,132590.00,9470.714286,0.5714,Apparel,34,0.2941,0.411765
894,34,19,318402.00,16758.000000,0.4211,Electronics,19,0.2632,1
895,23,20,302758.00,15137.900000,0.6,Wellness,36,0.3333,0.555556
896,13,21,355936.00,16949.333333,0.4286,Groceries,31,0.3548,0.677419
897,10,17,50108.00,2947.529412,0.6471,Apparel,26,0.1923,0.653846
898,4,24,509712.00,21238.000000,0.625,Apparel,32,0.4063,0.75
899,14,18,89449.00,4969.388889,0.6667,Apparel,26,0.3462,0.692308
900,10,22,109708.00,4986.727273,0.5,Wellness,20,0.25,1.1
901,3,19,335734.00,17670.210526,0.4737,Electronics,28,0.2143,0.678571
902,8,19,186867.00,9835.105263,0.7895,Groceries,22,0.5,0.863636
903,65,11,92348.00,8395.272727,0.8182,Beauty,25,0.32,0.44
904,7,25,197482.00,7899.280000,0.4,Beauty,32,0.25,0.78125
905,11,17,144149.00,8479.352941,0.3529,Beauty,38,0.2105,0.447368
906,6,15,103557.00,6903.800000,0.8667,Beauty,30,0.2333,0.5
907,78,20,33599.00,1679.950000,0.45,Wellness,32,0.2813,0.625
908,15,19,246241.00,12960.052632,0.8421,Apparel,29,0.3103,0.655172
909,14,23,229097.00,9960.739130,0.6087,Beauty,32,0.25,0.71875
910,6,24,230673.00,9611.375000,0.3333,Beauty,21,0.3333,1.14286
911,18,23,300906.00,13082.869565,0.5217,Wellness,29,0.2414,0.793103
912,8,21,126474.00,6022.571429,0.5238,Beauty,32,0.4063,0.65625
913,18,20,232568.00,11628.400000,0.6,Groceries,22,0.2727,0.909091
914,3,23,260658.00,11332.956522,0.3478,Wellness,26,0.3846,0.884615
915,14,16,60445.00,3777.812500,0.625,Apparel,42,0.1667,0.380952
916,19,21,281618.00,13410.380952,0.619,Wellness,31,0.2903,0.677419
917,11,29,96009.00,3310.655172,0.1724,Wellness,25,0.4,1.16
918,6,20,73357.00,3667.850000,0.35,Apparel,36,0.1944,0.555556
919,20,14,204007.00,14571.928571,0.5,Electronics,34,0.2647,0.411765
920,3,23,32589.00,1416.913043,0.5217,Apparel,38,0.2895,0.605263
921,23,18,449505.00,24972.500000,0.3333,Electronics,30,0.2667,0.6
922,10,24,278690.00,11612.083333,0.6667,Groceries,26,0.2308,0.923077
923,16,22,227142.00,10324.636364,0.2273,Beauty,32,0.4063,0.6875
924,18,20,200345.00,10017.250000,0.7,Wellness,34,0.4412,0.588235
925,53,18,198715.00,11039.722222,0.7222,Beauty,24,0.3333,0.75
926,44,20,221939.00,11096.950000,0.8,Apparel,25,0.28,0.8
927,14,26,241467.00,9287.192308,0.5385,Wellness,22,0.4091,1.18182
928,3,21,246011.00,11714.809524,0.619,Apparel,34,0.2941,0.617647
929,24,16,209327.00,13082.937500,0.5625,Electronics,27,0.4815,0.592593
930,47,18,200287.00,11127.055556,0.2222,Groceries,28,0.4643,0.642857
931,16,22,117852.00,5356.909091,0.6818,Apparel,21,0.2857,1.04762
932,23,19,338824.00,17832.842105,0.3158,Wellness,25,0.12,0.76
933,8,25,191745.00,7669.800000,0.68,Beauty,31,0.2581,0.806452
934,7,17,228088.00,13416.941176,0.8235,Groceries,36,0.25,0.472222
935,48,16,129381.00,8086.312500,0.5625,Wellness,28,0.25,0.571429
936,16,31,102266.00,3298.903226,0.6452,Beauty,38,0.3421,0.815789
937,11,26,325820.00,12531.538462,0.7308,Beauty,27,0.2963,0.962963
938,35,14,182160.00,13011.428571,0.4286,Groceries,30,0.2333,0.466667
939,3,25,497826.00,19913.040000,0.2,Electronics,26,0.4615,0.961538
940,13,15,78208.00,5213.866667,0.6667,Apparel,31,0.2581,0.483871
941,19,30,274028.00,9134.266667,0.5,Beauty,19,0.2632,1.57895
942,16,23,235531.00,10240.478261,0.3913,Wellness,33,0.2727,0.69697
943,6,22,237775.00,10807.954545,0.6818,Apparel,27,0.2593,0.814815
944,5,24,135898.00,5662.416667,0.25,Beauty,27,0.1481,0.888889
945,6,20,243915.00,12195.750000,0.4,Apparel,29,0.3793,0.689655
946,29,23,226524.00,9848.869565,0.7391,Apparel,30,0.2333,0.766667
947,20,20,229440.00,11472.000000,0.45,Groceries,21,0.2857,0.952381
948,34,19,210661.00,11087.421053,0.6842,Groceries,35,0.2,0.542857
949,31,26,278219.00,10700.730769,0.3846,Apparel,31,0.2903,0.83871
950,86,15,117733.00,7848.866667,0.4667,Wellness,26,0.3462,0.576923
951,7,25,197980.00,7919.200000,0.36,Groceries,23,0.2609,1.08696
952,12,18,114307.00,6350.388889,0.7778,Beauty,30,0.2333,0.6
953,37,26,240194.00,9238.230769,0.5385,Beauty,34,0.3235,0.764706
954,30,18,327262.00,18181.222222,0.4444,Beauty,23,0.3913,0.782609
955,12,13,148330.00,11410.000000,0.6923,Wellness,30,0.3,0.433333
956,6,19,226838.00,11938.842105,0.5263,Wellness,35,0.4286,0.542857
957,18,18,198241.00,11013.388889,0.5556,Beauty,31,0.3226,0.580645
958,32,16,185944.00,11621.500000,0.4375,Groceries,25,0.36,0.64
959,32,19,238528.00,12554.105263,0.5789,Electronics,24,0.4583,0.791667
960,40,14,124082.00,8863.000000,0.1429,Wellness,39,0.3077,0.358974
961,15,30,193222.00,6440.733333,0.6667,Beauty,37,0.4865,0.810811
962,37,14,162759.00,11625.642857,0.4286,Apparel,28,0.2857,0.5
963,60,14,145166.00,10369.000000,0.5714,Beauty,30,0.3333,0.466667
964,58,18,136077.00,7559.833333,0.7778,Apparel,27,0.2222,0.666667
965,20,22,251027.00,11410.318182,0.7273,Apparel,22,0.3636,1
966,14,17,219415.00,12906.764706,0.7059,Wellness,35,0.3714,0.485714
967,7,30,437294.00,14576.466667,0.1667,Electronics,21,0.3333,1.42857
968,20,22,256088.00,11640.363636,0.8182,Wellness,32,0.2813,0.6875
969,21,25,140042.00,5601.680000,0.56,Apparel,31,0.3871,0.806452
970,4,28,276396.00,9871.285714,0.3214,Beauty,26,0.3462,1.07692
971,12,14,88235.00,6302.500000,0.7143,Wellness,26,0.3462,0.538462
972,47,14,134298.00,9592.714286,0.6429,Wellness,26,0.3846,0.538462
973,56,19,138643.00,7297.000000,0.6316,Beauty,25,0.32,0.76
974,4,12,102658.00,8554.833333,0.5,Apparel,36,0.3889,0.333333
975,16,20,169418.00,8470.900000,0.75,Apparel,32,0.25,0.625
976,19,23,158341.00,6884.391304,0.3478,Wellness,25,0.4,0.92
977,8,27,263810.00,9770.740741,0.2963,Wellness,34,0.2647,0.794118
978,11,21,20293.00,966.333333,0.381,Apparel,32,0.2188,0.65625
979,41,21,176181.00,8389.571429,0.7143,Wellness,37,0.3784,0.567568
980,32,20,84538.00,4226.900000,0.15,Wellness,37,0.4324,0.540541
981,3,21,293092.00,13956.761905,0.1905,Beauty,34,0.3529,0.617647
982,23,23,275948.00,11997.739130,0.6087,Beauty,28,0.1786,0.821429
983,19,11,146315.00,13301.363636,0.4545,Beauty,49,0.2857,0.22449
984,6,19,81022.00,4264.315789,0.3158,Wellness,36,0.2222,0.527778
985,6,21,166097.00,7909.380952,0.2381,Beauty,18,0.3333,1.16667
986,4,26,299499.00,11519.192308,0.6538,Beauty,33,0.1515,0.787879
987,4,30,253044.00,8434.800000,0.5333,Apparel,37,0.2432,0.810811
988,3,19,136573.00,7188.052632,0.6842,Wellness,34,0.2353,0.558824
989,46,21,180483.00,8594.428571,0.4762,Beauty,36,0.4167,0.583333
990,5,20,208575.00,10428.750000,0.35,Wellness,29,0.3448,0.689655
991,32,20,292834.00,14641.700000,0.35,Groceries,37,0.4595,0.540541
992,9,25,224324.00,8972.960000,0.68,Apparel,44,0.2045,0.568182
993,6,20,445054.00,22252.700000,0.85,Electronics,29,0.3448,0.689655
994,10,15,177935.00,11862.333333,0.6,Beauty,32,0.2813,0.46875
995,13,15,195800.00,13053.333333,0.7333,Wellness,32,0.2188,0.46875
996,43,17,109401.00,6435.352941,0.4118,Wellness,35,0.3429,0.485714
997,11,17,103243.00,6073.117647,0.4118,Wellness,33,0.2727,0.515152
998,44,18,168921.00,9384.500000,0.2778,Groceries,33,0.2121,0.545455
999,3,29,451299.00,15562.034483,0.2069,Beauty,27,0.2593,1.07407
